date,store,item_code,item_name,category,unit_price,discount,net_price,pack_qty,pack_unit,unit_price_per_lb,unit_price_per_ct
2026-05-10,Costco,132666,BASMATI RICE,Pantry,21.99,,21.99,,,,
2026-05-10,Costco,34450,CHUCK ROAST,Meat,143.70,,143.70,,,,
2026-05-10,Costco,4032,WATERMELON,Produce,6.99,,6.99,,,,
2026-05-10,Costco,33825,WHOLE FRYERS,Meat,12.98,,12.98,,,,
2026-06-04,Costco,1136340,3LB ORG GALA,Produce,4.69,,4.69,3.0,lb,1.563,
2026-06-04,Costco,67072,ORANGES,Produce,7.29,,7.29,,,,
2026-06-04,Costco,2619,ORG BANANAS,Produce,2.19,,2.19,,,,
2026-06-04,Costco,5276,RED GRAPES,Produce,6.79,1.50,5.29,,,,
2026-06-04,Costco,33852,DRUMSTICKS,Meat,7.86,,7.86,,,,
2026-06-04,Costco,123614,GREEN ONIONS,Produce,5.99,,5.99,,,,
2026-06-04,Costco,142354,RITZ 61.6 OZ,Snacks,10.29,2.50,7.79,61.6,oz,2.023,
2026-06-04,Costco,993449,ORGANIC PSTA,Pantry,10.79,,10.79,,,,
2026-06-04,Costco,8789,PINEAPPLE,Produce,2.99,,2.99,,,,
2026-06-04,Costco,673678,HVY CREAM QT,Dairy,4.39,,4.39,,,,
2026-06-04,Costco,4032,WATERMELON,Produce,6.99,,6.99,,,,
2026-06-04,Costco,1360,LEMONS,Produce,3.79,,3.79,,,,
2026-06-04,Costco,1956023,KSCONVGRKYGT,Dairy,4.99,,4.99,,,,
2026-06-04,Costco,279783,KS CRMB BCN,Meat,8.99,,8.99,,,,
2026-05-28,Costco,1796677,OTTAVIO EVOO,Pantry,10.79,,10.79,,,,
2026-05-28,Costco,1010656,MEGA OMEGA,Health/Supplements,9.99,,9.99,,,,
2026-05-28,Costco,39036,ROMAINE,Produce,5.79,,5.79,,,,
2026-05-28,Costco,56366,RASPBERRIES,Produce,2.99,,2.99,,,,
2026-05-28,Costco,7445,10LB BAKERS,Produce,4.79,,4.79,10.0,lb,0.479,
2026-05-28,Costco,555000,KS PNUT BUTR,Pantry,9.89,,9.89,,,,
2026-05-28,Costco,384881,KS BUTTER,Dairy,10.49,,10.49,,,,
2026-05-28,Costco,8789,PINEAPPLE,Produce,2.99,,2.99,,,,
2026-05-28,Costco,1309922,ORG CHIA,Pantry,8.99,,8.99,,,,
2026-05-28,Costco,38742,SWEET CORN,Produce,4.99,,4.99,,,,
2026-05-28,Costco,1025795,KS 5DZ EGGS,Dairy,8.39,,8.39,60.0,ct,,0.1398
2026-05-28,Costco,1980459,FOSSMAT,Household,19.99,5.00,14.99,,,,
2026-05-28,Costco,1136340,3LB ORG GALA,Produce,4.69,,4.69,3.0,lb,1.563,
2026-05-28,Costco,568915,ORG CUCUMBER,Produce,6.49,,6.49,,,,
2026-05-28,Costco,1832569,OUTSHINE1.5Z,Frozen/Snacks,9.99,2.50,7.49,,,,
2026-05-28,Costco,32168,FRYER THIGHS,Meat,11.59,,11.59,,,,
2026-05-28,Costco,77053,GRAPE TOMATO,Produce,6.29,,6.29,,,,
2026-05-28,Costco,3,WHOLE MILK,Dairy,3.58,,3.58,,,,
2026-05-28,Costco,1141000,KS BRATS,Meat,12.89,,12.89,,,,
2026-05-28,Costco,1165284,KS MEX CHEES,Dairy,12.49,,12.49,,,,
2026-05-28,Costco,57554,BLUEBERRIES,Produce,4.89,,4.89,,,,
2026-05-28,Costco,19813,MUSHROOMS,Produce,3.99,,3.99,,,,
2026-05-28,Costco,27003,STRAWBERRIES,Produce,6.79,,6.79,,,,
2026-05-28,Costco,6021,PREM. PLUMS,Produce,5.99,,5.99,,,,
2026-05-28,Costco,446586,QUAKER OATS,Pantry,7.99,,7.99,,,,
2026-05-28,Costco,4032,WATERMELON,Produce,6.99,,6.99,,,,
2026-06-21,Costco,1992399,FREEZIE POP,Frozen/Snacks,9.99,,9.99,,,,
2026-06-21,Costco,21020,VINE TOMATO,Produce,6.49,,6.49,,,,
2026-06-21,Costco,1775302,KS PARM SSG,Meat,12.99,,12.99,,,,
2026-06-21,Costco,1221092,ARTISAN ROLL,Bakery,5.99,,5.99,,,,
2026-06-21,Costco,30669,BANANAS,Produce,1.49,,1.49,,,,
2026-06-21,Costco,123614,GREEN ONIONS,Produce,5.99,,5.99,,,,
2026-06-21,Costco,747,ORANGES,Produce,4.59,,4.59,,,,
2026-06-21,Costco,21101,BEEF ROUND,Meat,38.91,,38.91,,,,
2026-06-21,Costco,1991766,BLUEBERRY MUF,Bakery,6.99,,6.99,,,,
2026-06-21,Costco,7812,YELLOW ONION,Produce,2.99,,2.99,,,,
2026-06-21,Costco,42527,ST LOUIS RIB,Meat,34.06,,34.06,,,,
2026-06-21,Costco,4032,WATERMELON,Produce,6.99,,6.99,,,,
2026-06-21,Costco,87745,ROTISSERIE,Prepared/Deli,4.99,,4.99,,,,
2026-06-21,Costco,1136340,3LB ORG GALA,Produce,4.69,,4.69,3.0,lb,1.563,
2026-06-13,Costco,19813,MUSHROOMS,Produce,3.99,,3.99,,,,
2026-06-13,Costco,57554,BLUEBERRIES,Produce,4.89,,4.89,,,,
2026-06-13,Costco,39036,ROMAINE,Produce,5.99,,5.99,,,,
2026-06-13,Costco,6021,PREM. PLUMS,Produce,5.99,,5.99,,,,
2026-06-13,Costco,16783,SHRIMP,Seafood,16.29,,16.29,,,,
2026-06-13,Costco,1637598,KS CAGE FREE (eggs),Dairy,3.39,,3.39,,,,
2026-06-13,Costco,7445,10LB BAKERS,Produce,4.89,,4.89,10.0,lb,0.489,
2026-06-13,Costco,33724,GROUND BEEF,Meat,35.28,,35.28,,,,
2026-06-13,Costco,342994,UNCLEAR - ORG item (obscured by pen mark),Other,8.99,,8.99,,,,
2026-06-13,Costco,3,WHOLE MILK,Dairy,3.88,,3.88,,,,
2026-06-13,Costco,33852,DRUMSTICKS,Meat,4.99,,4.99,,,,
2026-06-13,Costco,67072,ORANGES,Produce,4.99,,4.99,,,,
2026-06-13,Costco,25949,FRESH GARLIC,Produce,5.89,,5.89,,,,
2026-06-13,Costco,38742,SWEET CORN,Produce,4.99,,4.99,,,,
2026-06-13,Costco,1136340,3LB ORG GALA,Produce,4.69,,4.69,3.0,lb,1.563,
2026-06-13,Costco,27003,STRAWBERRIES,Produce,5.99,,5.99,,,,
2026-06-13,Costco,47825,GREEN GRAPES,Produce,6.89,1.50,5.39,,,,
2026-06-13,Costco,56366,RASPBERRIES,Produce,4.89,,4.89,,,,
2026-06-13,Costco,21046,TOMATO MEDLE,Produce,6.69,,6.69,,,,
2026-06-13,Costco,522107,GM CHEERIOS,Pantry,6.89,2.00,4.89,,,,
2026-06-13,Costco,568915,ORG CUCUMBER,Produce,6.49,,6.49,,,,
2026-06-13,Costco,30669,BANANAS,Produce,1.49,,1.49,,,,
2026-06-13,Costco,910270,ORG GRE BEAN,Produce,6.49,,6.49,,,,
2026-06-13,Costco,8789,PINEAPPLE,Produce,2.99,,2.99,,,,
2026-06-05,Costco,6262016,"KS BATH (tissue, partially obscured)",Household,20.99,,20.99,,,,
2026-06-05,Costco,560519,WILDROOTS,Pantry,10.49,2.70,7.79,,,,
2026-06-05,Costco,2049251,BKRS 3.5LB (potatoes),Produce,4.99,,4.99,3.5,lb,1.426,
2026-06-05,Costco,1063232,KS EGG WHITE,Dairy,10.99,,10.99,,,,
2026-06-05,Costco,2022464,SIMPLY OJ,Beverages,10.99,,10.99,,,,
2026-06-05,Costco,1462402,HBO W/ALMNDS (unclear brand),Snacks,7.99,,7.99,,,,
2026-06-05,Costco,87745,ROTISSERIE,Prepared/Deli,4.99,,4.99,,,,
2026-06-05,Costco,1337852,SHRIMP 31/40,Seafood,14.59,,14.59,,,,
2026-06-05,Costco,1055385,GEFEN BEETS,Pantry,7.79,,7.79,,,,
2026-06-05,Costco,3,WHOLE MILK,Dairy,3.58,,3.58,,,,
2026-06-05,Costco,33724,GROUND BEEF,Meat,38.40,,38.40,,,,
2026-06-05,Costco,1801,MANDARINS,Produce,4.39,,4.39,,,,
2026-06-05,Costco,203444,KS PECANS,Pantry,14.99,,14.99,,,,
2026-07-10,Walmart,,Colgate Extra Clean Toothbrush 4pk,Household,2.96,,2.96,,,,
2026-07-10,Walmart,,LYSOL Kitchen Pro Antibacterial Cleaner 22oz,Household,3.97,,3.97,22.0,oz,2.887,
2026-07-10,Walmart,,Pen+Gear Copy Paper 500 sheets,Household,5.77,,5.77,,,,
2026-07-10,Walmart,,Yoplait Low Fat Yogurt Variety Pack 8ct,Dairy,4.96,,4.96,8.0,ct,,0.62
2026-07-10,Walmart,,GV Greek Plain Nonfat Yogurt 32oz,Dairy,3.28,,3.28,32.0,oz,1.64,
2026-07-10,Walmart,,GV Chopped Pecans 4oz,Pantry,3.82,,3.82,4.0,oz,15.28,
2026-07-10,Walmart,,GV 100% Pasteurized Orange Juice 52fl oz,Beverages,4.46,,4.46,52.0,oz,1.372,
2026-07-10,Walmart,,GV Chile Adobo Crunchy Potato Chips 8oz,Snacks,1.50,,1.50,8.0,oz,3.0,
2026-07-10,Walmart,,GV Sardines in Water 3.75oz,Pantry,4.48,,4.48,3.75,oz,19.115,
2026-07-10,Walmart,,GV Enriched Bread Flour 5lb,Pantry,3.93,,3.93,5.0,lb,0.786,
2026-07-10,Walmart,,SunnyD Tangy Orange Juice Drink 1gal,Beverages,3.68,,3.68,128.0,oz,0.46,
2026-07-10,Walmart,,GV Penne Pasta 16oz,Pantry,1.24,,1.24,16.0,oz,1.24,
2026-07-10,Walmart,,GV Salt and Vinegar Potato Chips 7.75oz,Snacks,1.50,,1.50,7.75,oz,3.097,
2026-07-10,Walmart,,Fresh Beefsteak Tomatoes (qty 4),Produce,4.38,,4.38,,,,
2026-07-10,Walmart,,OLLY Kids Multivitamin + Probiotic Gummy 70ct,Health/Supplements,14.99,,14.99,70.0,ct,,0.2141
2026-07-15,Walmart,,Authentic Royal Basmati Rice 5lb,Pantry,9.52,,9.52,5.0,lb,1.904,
2026-07-15,Walmart,,Contadina Tomato Paste 6oz,Pantry,0.96,,0.96,6.0,oz,2.56,
2026-07-15,Walmart,,Covington Farms Chicken Leg Quarters 10lb,Meat,8.72,,8.72,10.0,lb,0.872,
2026-07-15,Walmart,,Fresh Whole White Boiler Onions 16oz,Produce,3.28,,3.28,16.0,oz,3.28,
2026-07-15,Walmart,,Fresh Whole Green Onion bunch,Produce,1.07,,1.07,,,,
2026-07-15,Walmart,,GV Deli Style Sliced Gouda Cheese 8oz,Dairy,1.67,,1.67,8.0,oz,3.34,
2026-07-15,Walmart,,GV Honey 12oz,Pantry,3.74,,3.74,12.0,oz,4.987,
2026-07-15,Walmart,,GV Sweet Cream Salted Butter 16oz,Dairy,3.06,,3.06,16.0,oz,3.06,
2026-07-15,Walmart,,GV Light Red Kidney Beans 1lb,Pantry,1.22,,1.22,1.0,lb,1.22,
2026-07-15,Walmart,,GV Freedom Ice Pops 12pk (Frozen),Frozen/Snacks,2.48,,2.48,,,,
2026-07-15,Walmart,,Knorr Granulated Bouillon Chicken 7.9oz,Pantry,2.54,,2.54,7.9,oz,5.144,
2026-07-15,Walmart,,GV Strawberry Peach Low-fat Yogurt 12pk,Dairy,6.47,,6.47,,,,
2026-07-15,Walmart,,GV Large White Eggs 36ct,Dairy,4.32,,4.32,36.0,ct,,0.12
2026-07-15,Walmart,,GV Yellow Popping Corn 32oz,Pantry,2.38,,2.38,32.0,oz,1.19,
2026-07-15,Walmart,,GV Less Sodium Soy Sauce 15fl oz,Pantry,1.68,,1.68,15.0,oz,1.792,
2026-07-15,Walmart,,Fleischmann's Active Dry Yeast 3ct,Pantry,1.88,,1.88,3.0,ct,,0.6267
2026-07-15,Walmart,,GV Chile Limon Crunchy Potato Chips 8oz,Snacks,1.50,,1.50,8.0,oz,3.0,
2026-07-15,Walmart,,Quaker Old Fashioned Oatmeal 18oz,Pantry,2.98,,2.98,18.0,oz,2.649,
2026-07-15,Walmart,,Lean Ground Beef 93/7 1lb,Meat,8.97,,8.97,1.0,lb,8.97,
2026-07-15,Walmart,,GV Whole Kernel Corn 12oz (Frozen),Frozen,0.98,,0.98,12.0,oz,1.307,
2026-07-15,Walmart,,GV Enriched Bread Flour 5lb,Pantry,3.93,,3.93,5.0,lb,0.786,
2026-07-15,Walmart,,GV Sardines in Water 3.75oz (qty 3),Pantry,3.36,,3.36,3.75,oz,14.336,
2026-07-15,Walmart,,Birds Eye Steamfresh Broccoli Florets 10.8oz,Frozen,1.87,,1.87,10.8,oz,2.77,
2026-07-15,Walmart,,SunnyD Tangy Orange Juice Drink 1gal,Beverages,3.68,,3.68,128.0,oz,0.46,
2026-07-15,Walmart,,GV Whole Vitamin D Milk 1gal,Dairy,3.12,,3.12,128.0,oz,0.39,
2026-07-15,Walmart,,Fresh Lime (qty 2),Produce,0.50,,0.50,,,,
2026-07-15,Walmart,,Morton Iodized Table Salt 26oz,Pantry,1.86,,1.86,26.0,oz,1.145,
2026-07-15,Walmart,,Fresh Whole Brown Mushrooms 8oz,Produce,2.18,,2.18,8.0,oz,4.36,
2026-07-15,Walmart,,Fresh Whole Carrots 2lb,Produce,2.26,,2.26,2.0,lb,1.13,
2026-07-15,Walmart,,Pork Rib Pieces Bone-In 2.2-3.15lb,Meat,10.98,,10.98,3.15,lb,3.486,
2026-07-15,Walmart,,Fresh Mini Cucumbers 16oz,Produce,2.08,,2.08,16.0,oz,2.08,
2026-07-15,Walmart,,Fresh Collard Greens bunch,Produce,2.47,,2.47,,,,
2026-07-15,Walmart,,Fresh Roma Tomato (qty 7),Produce,3.38,,3.38,,,,
2026-07-15,Walmart,,Fresh Beefsteak Tomatoes (qty 2),Produce,3.00,,3.00,,,,
2026-07-19,Walmart,,Maseca Gluten Free Corn Masa Flour 4lb,Pantry,3.98,,3.98,4.0,lb,0.995,
2026-07-19,Walmart,,GV Enriched Bread Flour 5lb,Pantry,3.93,,3.93,5.0,lb,0.786,
2026-07-19,Walmart,,Traditional Medicinals Throat Coat Tea 16ct,Beverages,5.88,,5.88,16.0,ct,,0.3675
2026-07-19,Walmart,,Duke's Real Mayonnaise 16oz,Pantry,3.97,,3.97,16.0,oz,3.97,
2026-07-19,Walmart,,GV Heavy Whipping Cream 16oz,Dairy,2.96,,2.96,16.0,oz,2.96,
2026-07-19,Walmart,,SunnyD Orange Peach Juice Drink 1gal,Beverages,3.68,,3.68,128.0,oz,0.46,
2026-07-19,Walmart,,Hormel Black Label Thick Cut Bacon 16oz,Meat,6.97,,6.97,16.0,oz,6.97,
2026-07-19,Walmart,,Fresh Cucumber (qty 2),Produce,1.72,,1.72,,,,
2026-07-19,Walmart,,GV Black Beans 1lb,Pantry,1.50,,1.50,1.0,lb,1.5,
2026-07-19,Walmart,,GV Light Red Kidney Beans 1lb,Pantry,1.22,,1.22,1.0,lb,1.22,
2026-07-19,Walmart,,Contadina Canned Tomato Paste 12oz,Pantry,1.76,,1.76,12.0,oz,2.347,
2026-07-19,Walmart,,GV Mayocoba Beans 16oz,Pantry,1.48,,1.48,16.0,oz,1.48,
2026-07-19,Walmart,,GV Whole Kernel Corn 12oz (Frozen),Frozen,0.98,,0.98,12.0,oz,1.307,
2026-07-19,Walmart,,Birds Eye Steamfresh Broccoli Florets 10.8oz,Frozen,1.87,,1.87,10.8,oz,2.77,
2026-07-19,Walmart,,Fresh Bell Peppers 3ct,Produce,2.97,,2.97,3.0,ct,,0.99
2026-07-19,Walmart,,Fresh Collard Greens bunch,Produce,2.47,,2.47,,,,
2026-07-19,Walmart,,Fresh Small Hass Avocados 5-6ct bag,Produce,3.48,,3.48,6.0,ct,,0.58
2026-07-19,Walmart,,Fresh Green Cabbage each,Produce,2.79,,2.79,,,,
